2026-09-27T01:24:50Z	23-big-problems-need-big-solutions.m4a	17158826	1056	AD6IQ5DpQ6c	Atomic Habits won't teach you a language: big problems need BIG solutions
2026-09-27T01:01:17Z	22-conversation-and-literacy-are-two-skills.m4a	7750374	477	og0YHyVuxAg	Why your languages STOPPED improving: conversation and literacy are two different skills
2026-08-10T00:11:38Z	stop-ai-with-this-one-weird-trick.m4a	9597391	593	T34-trDek-4	We're all going to die by AI unless this one thing happens: stop AI with this one weird trick
2026-08-09T20:23:39Z	test-your-vibe-code.m4a	8016382	496	CsJuUGQEBrU	Secret way to test your FREAKING VIBE CODE or it will never work ever
2026-08-08T12:50:23Z	our-ai-is-totally-fine.m4a	29439885	1820	B0rAEuhcjGQ	Our "AI" is totally fine according to Bostrom's Superintelligence, 2014
2025-08-13T04:00:16Z	buy-now.m4a	2368880	146	76ktbgBj4zU	BUY NOW (book announcement)
2025-08-11T04:01:10Z	quixotic-self-awareness.m4a	2851798	176	vzz8c7KJVpc	Quixotic Self-Awareness
2025-08-11T04:00:24Z	how-to-use-the-internet-library-only.m4a	5629562	348	UMQLpgeylbg	How to Use the Internet Library Only
2025-08-10T07:01:00Z	audacity-shadowing-without-shadowing.m4a	3354271	207	pfViqMW0pVY	Audacity Shadowing Without Shadowing
2025-08-09T08:00:06Z	14-learn-how-to-learn-how-to-learn-languages.m4a	19577187	1210	tC1Snqa1eVo	Learn how to learn how to learn languages
2025-08-08T04:54:02Z	13-so-you-want-to-learn-latin.m4a	10041166	621	kXEtMn0NU-w	So you want to learn Latin
2025-08-08T04:00:09Z	12-why-do-we-learn-languages.m4a	7337416	454	2xWWsZ1667Q	Why do we learn languages (for the middle path)
2025-08-08T03:59:48Z	11-you-need-to-know-how-they-learn-japanese.m4a	3898023	241	5xthTMBcjZI	YOU need to know how they learn Japanese
2025-08-08T03:11:17Z	10-what-is-a-good-language-learning-method.m4a	12724687	787	sSVpwxwtkH8	What is a good language learning method
2025-08-08T02:51:30Z	9-learn-five-languages-from-zero.m4a	15157261	937	Twyfq_ETzZ0	Learn five languages from zero
2025-08-08T02:21:41Z	8-how-to-get-and-consume-media-climbing-a-mountain.m4a	6495865	402	FeGQw-z8Kg0	How to get and consume media climbing a mountain
2025-08-08T01:47:11Z	7-listening-reading.m4a	7453807	461	KhUxlT_ThxQ	Listening reading (L/R)
2025-08-08T01:01:46Z	6-need-to-listen-to-conversations-to-speak.m4a	3324956	206	_lSYnoMqPQk	Need to listen to conversations to speak
2025-08-08T00:21:00Z	5-so-you-want-to-learn-some-languages-what-do-you-do.m4a	5946500	368	6SwJj6-gWtI	So you want to learn some languages, what do you do?
